run_id,seed,stage,network,thermal,outage_start,outage_duration,trajectory_sha256,thermal_alerts,connected_thermal_reflex,releases_before,releases_during,releases_after,market_dropped,market_entries,recovery_revokes_first_10min
C1_S9001_H0_N1_W120-240_I30_HYBRID,9001,C1,N1,0,0,0,240af1b28d10087f6bd771fd9f1dd6dc0ad91223dd27cb2b90e16c8407fe415e,0,0,0,0,0,0,0,0
C1_S9001_H0_N3_W120-240_I30_HYBRID,9001,C1,N3,0,0,0,628d00f6adf3154acb08a2d8f7aa5fe6f09c8c204f12ce3fab55d055af18bd82,0,0,0,0,0,0,0,0
C1_S9001_H0_N4_W120-240_I30_HYBRID,9001,C1,N4,0,120,120,997a7a68d263e04a1911d185da60d118610cc02c16ef2ba6961016254f42825e,0,0,0,7,1,7,1,5
C1_S9001_H1_N1_W120-240_I30_HYBRID,9001,C1,N1,1,0,0,2dec763d0c790c7beb1589d6a533c7198dd2f677bd7bc6e2bc79772158d665d4,0,0,0,0,0,0,0,0
C1_S9001_H1_N3_W120-240_I30_HYBRID,9001,C1,N3,1,0,0,b485eb0e3175880c887640123d4632dab30032f8ac9e667dff932e0088812aca,0,0,0,0,0,0,0,0
C1_S9001_H1_N4_W120-240_I30_HYBRID,9001,C1,N4,1,120,120,3820ae0bad6139e3c1174d1ea0cbfb36a28060187b96013a8dd5e3ad214c7b1d,0,0,0,17,0,17,1,13
C1_S9002_H0_N1_W120-240_I30_HYBRID,9002,C1,N1,0,0,0,0a65cd575a7f3bf1c2f63bf7e3a4de2b4aa677256faa5f28406fa3baa6acd36b,0,0,1,0,0,0,0,0
C1_S9002_H0_N3_W120-240_I30_HYBRID,9002,C1,N3,0,0,0,9728de197d442d2b821d7af93bba162c26cc445de8b747f6d1cfee0816dfefdd,0,0,2,0,0,0,0,0
C1_S9002_H0_N4_W120-240_I30_HYBRID,9002,C1,N4,0,120,120,2f46efc97669acdb18c6cfe19b4bd7e4ee1edd8921ca05423fc5052d9cebc38e,0,0,0,8,0,8,1,6
C1_S9002_H1_N1_W120-240_I30_HYBRID,9002,C1,N1,1,0,0,b2a0d6c9dac9e7912ca8db525d499144a321cbdc920fae82b1916799ed719384,0,0,4,0,0,0,0,0
C1_S9002_H1_N3_W120-240_I30_HYBRID,9002,C1,N3,1,0,0,c50fa27933b7308dc349cf849fce66a9183d01c7d0bd3b77fb246f1a986279ed,0,0,0,0,0,0,0,0
C1_S9002_H1_N4_W120-240_I30_HYBRID,9002,C1,N4,1,120,120,fda133302e24fc4eb5b2b05dfaa0cff79e60fc2318ce59ee88f85977017a39fb,0,0,0,12,1,12,1,5
C1_S9003_H0_N1_W120-240_I30_HYBRID,9003,C1,N1,0,0,0,91e9fa076667e70e66eb0e945665c00a03f3ba91a0843d389034877be23510db,0,0,0,0,0,0,0,0
C1_S9003_H0_N3_W120-240_I30_HYBRID,9003,C1,N3,0,0,0,d5cb14e7a5e0b2bdcb608e5284b1939320653a10232b2aae33980c1b4f9152df,0,0,0,0,0,0,0,0
C1_S9003_H0_N4_W120-240_I30_HYBRID,9003,C1,N4,0,120,120,dd84ae9c84b2bc78e6b234361af9a8d6761f8497a426472e2d32b8f3039cc714,0,0,0,6,1,7,1,12
C1_S9003_H1_N1_W120-240_I30_HYBRID,9003,C1,N1,1,0,0,af5b44888866cb6e3b7b013d438c76f2f0cf7082e25b2a1d8741adecead7a631,0,0,0,0,0,0,0,0
C1_S9003_H1_N3_W120-240_I30_HYBRID,9003,C1,N3,1,0,0,180dd6b3d757e42383db468c70949ac133f540c7fedf693735186272ef09b03d,0,0,0,0,0,0,0,0
C1_S9003_H1_N4_W120-240_I30_HYBRID,9003,C1,N4,1,120,120,5625dab9336ff49e3f708474f9902e63582269358df7da3b5cd00a6ec1ee2e04,0,0,0,10,0,10,1,14
C1_S9004_H0_N1_W120-240_I30_HYBRID,9004,C1,N1,0,0,0,a8311d208b49507a7fdccae9a10d3d585adeefdef5957115f8a221c7d3537d5f,0,0,1,0,0,0,0,0
C1_S9004_H0_N3_W120-240_I30_HYBRID,9004,C1,N3,0,0,0,e6676c22f362f5be750b1ca2799642fd10bd9f519ef4b45df831caefcdd14eac,0,0,1,0,0,0,0,0
C1_S9004_H0_N4_W120-240_I30_HYBRID,9004,C1,N4,0,120,120,8ac3370d4c76f1443ba6eb7c745941e5813348dfb844501fb3e319f97e6f05d6,0,0,0,8,0,8,1,10
C1_S9004_H1_N1_W120-240_I30_HYBRID,9004,C1,N1,1,0,0,da952b24f6f5a87b96e333ee1b0687052d650a87170ad04b34ac650f529ec19c,0,0,0,0,0,0,0,0
C1_S9004_H1_N3_W120-240_I30_HYBRID,9004,C1,N3,1,0,0,054d4031a892f68fbc939ec986e671fc656ed1acc0d07572793b4878c53ddd78,0,0,0,0,0,0,0,0
C1_S9004_H1_N4_W120-240_I30_HYBRID,9004,C1,N4,1,120,120,db626a5315d247953e98a35e9a4166039fae207bacfa6207fe7991de672b3c30,0,0,0,10,0,10,1,2
C1_S9005_H0_N1_W120-240_I30_HYBRID,9005,C1,N1,0,0,0,7b0b47d940badee1c110d69f6f2b3005728f830f6b3fe91e6d1ca1364c83f705,0,0,0,0,0,0,0,0
C1_S9005_H0_N3_W120-240_I30_HYBRID,9005,C1,N3,0,0,0,67910fee3ffe96a331ef318697fc74e5ca63c8d42f7e1c5f1bebcd63488737e2,0,0,1,0,0,0,0,0
C1_S9005_H0_N4_W120-240_I30_HYBRID,9005,C1,N4,0,120,120,68953114af22f314d532161109bb68efdc46d75ae2c74e14f1e9b2caa5755057,0,0,0,11,0,10,1,8
C1_S9005_H1_N1_W120-240_I30_HYBRID,9005,C1,N1,1,0,0,4b070603116bf1963eb1872ee9ec3e9ad6d2c3e2acefa749dfa218bdaa5b44f1,0,0,1,0,0,0,0,0
C1_S9005_H1_N3_W120-240_I30_HYBRID,9005,C1,N3,1,0,0,ac55f2610332cceeeef0d267a591e3cde53100f3d26dcf979516f9c67ebf076c,0,0,0,0,0,0,0,0
C1_S9005_H1_N4_W120-240_I30_HYBRID,9005,C1,N4,1,120,120,6e1907d206aec815cc599b231650355eb57ac85698b0c75854520493ad1c736d,0,0,0,12,0,12,1,7
C1_S9006_H0_N1_W120-240_I30_HYBRID,9006,C1,N1,0,0,0,f0dc248f321592663f8f55d1043b29c9afd9866e4c8eb1bdf72a79b3409bfe8d,0,0,0,0,0,0,0,0
C1_S9006_H0_N3_W120-240_I30_HYBRID,9006,C1,N3,0,0,0,3bf64698d9951243212c1f4d960b4bd91f1c4f34e8f2cc7fffe41be24e7ed12e,0,0,2,0,0,0,0,0
C1_S9006_H0_N4_W120-240_I30_HYBRID,9006,C1,N4,0,120,120,84ca7ed99db314abe60f302f03b945d71d3d36e6f5df4574383dbe652e1dc9fc,0,0,0,8,0,7,1,14
C1_S9006_H1_N1_W120-240_I30_HYBRID,9006,C1,N1,1,0,0,d7e3cb8ebfe44ec965ec854584d7e9d27aa5832a6a8909c9552395463f15d06c,0,0,0,0,0,0,0,0
C1_S9006_H1_N3_W120-240_I30_HYBRID,9006,C1,N3,1,0,0,73bdb3b9b2946cce6df2321706bd251d1ff48db94483a70fe99c33551f428349,0,0,0,0,0,0,0,0
C1_S9006_H1_N4_W120-240_I30_HYBRID,9006,C1,N4,1,120,120,b35826b292159ba461cc41d1701f9f907f14b7b9abaa2042e367a94156b29a14,0,0,0,9,0,9,1,23
C1_S9007_H0_N1_W120-240_I30_HYBRID,9007,C1,N1,0,0,0,d1cb88f2a3a7503e60808499918da89ba4f436e264d0aa9e3c86f494f214cfde,0,0,1,0,0,0,0,0
C1_S9007_H0_N3_W120-240_I30_HYBRID,9007,C1,N3,0,0,0,e73a04cd1147e9b87a6bdd59374702e7dd71caab59bee3c561ff3aae0a7ab064,0,0,0,0,0,0,0,0
C1_S9007_H0_N4_W120-240_I30_HYBRID,9007,C1,N4,0,120,120,4f99cd34607dfecef06cfa5701f8c6921a787cedc83bfb00f35c760b3a68d70b,0,0,0,6,0,6,1,10
C1_S9007_H1_N1_W120-240_I30_HYBRID,9007,C1,N1,1,0,0,f763231bcc31f1814522f5d027e2a30d6f5bde08258aa21993b558653b55001a,0,0,0,0,0,0,0,0
C1_S9007_H1_N3_W120-240_I30_HYBRID,9007,C1,N3,1,0,0,0e319e59b3afe725c4bad491a5cb9838a1e462eb38e03ab05324f73b4a50ea08,0,0,0,0,0,0,0,0
C1_S9007_H1_N4_W120-240_I30_HYBRID,9007,C1,N4,1,120,120,5e1c3e0d97157a69b4d78076347fa7fec142baca364fe1e06eeffdb184a8367d,0,0,0,11,0,11,1,23
C1_S9008_H0_N1_W120-240_I30_HYBRID,9008,C1,N1,0,0,0,2a00ea8f27abb112b776b5c375c8f8fe72229f8fb925d9f269484640b534e84b,0,0,2,0,0,0,0,0
C1_S9008_H0_N3_W120-240_I30_HYBRID,9008,C1,N3,0,0,0,b6901b413e2a54ac5834a7d85fde24662b56223518559db60a5fab753b8cdc70,0,0,1,0,0,0,0,0
C1_S9008_H0_N4_W120-240_I30_HYBRID,9008,C1,N4,0,120,120,64631f74f9e67baf71788f036ab90c485940c26b412f2e7d6f6add88e9d4d4ee,0,0,0,9,0,8,1,5
C1_S9008_H1_N1_W120-240_I30_HYBRID,9008,C1,N1,1,0,0,d5d5ca3fd02dc2ab8d4e87cac10a65f394325af1a4fa3b11109203cb3be89bca,0,0,0,0,0,0,0,0
C1_S9008_H1_N3_W120-240_I30_HYBRID,9008,C1,N3,1,0,0,033eccd176933902e1eb428b8d58b8cb942dce7e48a91de3c1e81e67070a35fe,0,0,0,0,0,0,0,0
C1_S9008_H1_N4_W120-240_I30_HYBRID,9008,C1,N4,1,120,120,af56012b29931dadc995add1f17951aa9c386a1ccecc84823971b5448c743378,0,0,0,6,0,6,1,17
C1_S9009_H0_N1_W120-240_I30_HYBRID,9009,C1,N1,0,0,0,adbfc451d49ad5ee73a0fac9e32362afdfac0e607324047a7939f6ea99e51a65,0,0,0,0,0,0,0,0
C1_S9009_H0_N3_W120-240_I30_HYBRID,9009,C1,N3,0,0,0,b780f54f89626cc29c466b21b40bdc9d09da8a77064125e6a13ee9e6fb3db988,0,0,0,0,0,0,0,0
C1_S9009_H0_N4_W120-240_I30_HYBRID,9009,C1,N4,0,120,120,652072a8571ed8cd623a1bd05de8f56c7f860078da9e6a5cfd95a49d4f146898,0,0,0,8,0,8,1,19
C1_S9009_H1_N1_W120-240_I30_HYBRID,9009,C1,N1,1,0,0,2ee0c4bb5842c6c31140b0a59a7881424ba89a82d7ad51dee0f40888ab95557a,0,0,0,0,0,0,0,0
C1_S9009_H1_N3_W120-240_I30_HYBRID,9009,C1,N3,1,0,0,cb7e5d761a4f5c6a350851a2c4c1d34d18a122ed95a91f15596925e98a9b45ff,0,0,0,0,0,0,0,0
C1_S9009_H1_N4_W120-240_I30_HYBRID,9009,C1,N4,1,120,120,c90567ca109dcfcbe4a0b761b83f8ebedcd53a53f4973cea21d52aa2d5a6f7c0,0,0,0,17,0,17,1,13
C1_S9010_H0_N1_W120-240_I30_HYBRID,9010,C1,N1,0,0,0,9a5f9d698f41665b381ded1b91aebb51cdb4e183fb80479010691e6c879490cd,0,0,1,0,0,0,0,0
C1_S9010_H0_N3_W120-240_I30_HYBRID,9010,C1,N3,0,0,0,2c3baf51ef4b53ad59a704abae6a816fd6fbc88c0f7358e0cae24f6c519e7193,0,0,0,0,0,0,0,0
C1_S9010_H0_N4_W120-240_I30_HYBRID,9010,C1,N4,0,120,120,33ac9c80de178baa0f1b9644e9ec7f713ce1eca5db4770a23cfec11eeb458fa9,0,0,0,7,0,7,1,12
C1_S9010_H1_N1_W120-240_I30_HYBRID,9010,C1,N1,1,0,0,f1284ce8b33304c516e15dd0ad66db84a58558173e495e20ee227d946952e206,0,0,0,0,0,0,0,0
C1_S9010_H1_N3_W120-240_I30_HYBRID,9010,C1,N3,1,0,0,b09374a4e6891578dd9e4d70ce88f7441489f20abe90656572e233105877b0b8,0,0,0,0,0,0,0,0
C1_S9010_H1_N4_W120-240_I30_HYBRID,9010,C1,N4,1,120,120,63d2e4a5562775245fe3d9d1e581b8677a413f3ad035407dbb80a8ecf27d1d98,0,0,0,19,0,19,1,14
C1_S9011_H0_N1_W120-240_I30_HYBRID,9011,C1,N1,0,0,0,664f7c1e58e04404ef7a2ac5aa3598649f9f618a23bf976b94bd040322f43dae,0,0,0,0,0,0,0,0
C1_S9011_H0_N3_W120-240_I30_HYBRID,9011,C1,N3,0,0,0,a53a97c8fe7321a5a38c460b8c4b949e97974f5ef72db091e0007eb47d7c4cfd,0,0,0,0,0,0,0,0
C1_S9011_H0_N4_W120-240_I30_HYBRID,9011,C1,N4,0,120,120,7266ef32b118dda9b18be2af08445dc50706f93ef5846414bb9bd7e3e75d8d4d,0,0,0,6,0,6,1,4
C1_S9011_H1_N1_W120-240_I30_HYBRID,9011,C1,N1,1,0,0,2a1a301fe772eeec22a398635de2e73638ddd1e26c719e6a580a2b29b1cdb630,0,0,1,0,0,0,0,0
C1_S9011_H1_N3_W120-240_I30_HYBRID,9011,C1,N3,1,0,0,2815378955b76a544d609de4947cb30316d41318f340960fb39b1e792218cc09,0,0,0,0,0,0,0,0
C1_S9011_H1_N4_W120-240_I30_HYBRID,9011,C1,N4,1,120,120,628b223ff78f35d522946ec846e9a643da2e128eefdacbc512fba7c4938d4438,0,0,0,17,0,17,1,15
C1_S9012_H0_N1_W120-240_I30_HYBRID,9012,C1,N1,0,0,0,16b588fdcf75b5ea737c34649b16dd502ecf77f9897357e9cadd3527620e05af,0,0,0,0,0,0,0,0
C1_S9012_H0_N3_W120-240_I30_HYBRID,9012,C1,N3,0,0,0,d338b8c8d8ada72c7dc17ffb7efedcd84079cf300acf19c0f0bdf119dc48c5a8,0,0,1,0,0,0,0,0
C1_S9012_H0_N4_W120-240_I30_HYBRID,9012,C1,N4,0,120,120,b3eb4e4bcabb5576c1f5ae7f6387a99904919e81ae6fd5c2e3e684f12b4b9bcd,0,0,0,3,0,3,1,21
C1_S9012_H1_N1_W120-240_I30_HYBRID,9012,C1,N1,1,0,0,bf2882075265e29759eb9c4bffca7050d925715fcffb19da929a96040ba8d8dd,0,0,0,0,0,0,0,0
C1_S9012_H1_N3_W120-240_I30_HYBRID,9012,C1,N3,1,0,0,157e3e20c4d91898514d4a32cc50ed362e1bd07e9a869266feb6db68d64285af,1,1,0,0,0,0,0,0
C1_S9012_H1_N4_W120-240_I30_HYBRID,9012,C1,N4,1,120,120,30e728eb7f712d486f272d3b0a6b1ae2db1a12c5dc2479d30e562f0b868573fc,1,1,0,10,0,10,1,9
C1_S9013_H0_N1_W120-240_I30_HYBRID,9013,C1,N1,0,0,0,c5adc08dac2aada88a87fb1dbe2a9e545ef52b72dcf8a9245c744b91f644d747,0,0,2,0,0,0,0,0
C1_S9013_H0_N3_W120-240_I30_HYBRID,9013,C1,N3,0,0,0,79cbfef74753694a9db3c5936f68b34d9ebc6829cbccf5f3df5f2731066e9483,0,0,1,0,0,0,0,0
C1_S9013_H0_N4_W120-240_I30_HYBRID,9013,C1,N4,0,120,120,40cf4890db0e51557696771bbf9499857e8ebc3b47cdf179e1d3963d91fdc95c,0,0,1,7,0,7,1,4
C1_S9013_H1_N1_W120-240_I30_HYBRID,9013,C1,N1,1,0,0,29f9f0b7f0b455cc6d69b5fd65ec17f6fd53a0f4fd92e9285446afaad7f32152,0,0,1,0,0,0,0,0
C1_S9013_H1_N3_W120-240_I30_HYBRID,9013,C1,N3,1,0,0,47aca927e8e56ad87d0528da4e4ee2d7c6585ddc460da19db4b3db8c16a6e8b2,0,0,0,0,0,0,0,0
C1_S9013_H1_N4_W120-240_I30_HYBRID,9013,C1,N4,1,120,120,dee9e21aef02e19c5ffd977ef62c3c22df00676e4f53d8f16d03b03664c429b3,0,0,1,13,0,13,1,10
C1_S9014_H0_N1_W120-240_I30_HYBRID,9014,C1,N1,0,0,0,0469fc8a96ea3d73655b86576924c097864b123bd8d53ed443452e9f63e59330,0,0,0,0,0,0,0,0
C1_S9014_H0_N3_W120-240_I30_HYBRID,9014,C1,N3,0,0,0,0fa016c17ef0a683a521b607e721bf51016f09acf2ed550d384726ab005e3719,0,0,0,0,0,0,0,0
C1_S9014_H0_N4_W120-240_I30_HYBRID,9014,C1,N4,0,120,120,7b1b6a7f51179a92d45287a7afea096dbf2e5e47ef49a4362be59c5aaf4ee4ec,0,0,0,9,2,9,1,15
C1_S9014_H1_N1_W120-240_I30_HYBRID,9014,C1,N1,1,0,0,56721dfbb7cac385d2ac10fc4d404f325358a59912b233fbd0a35ac60269bd61,0,0,0,0,0,0,0,0
C1_S9014_H1_N3_W120-240_I30_HYBRID,9014,C1,N3,1,0,0,9a39de253309c0ea80d84bc0571a595265ebeec8dc367ea5d5ea2044f4c6ef6c,0,0,0,0,0,0,0,0
C1_S9014_H1_N4_W120-240_I30_HYBRID,9014,C1,N4,1,120,120,901de2467b7b41791160ea30011cabd05ee773547cffc3447bab2e8d806a34c6,0,0,0,21,0,20,1,10
C1_S9015_H0_N1_W120-240_I30_HYBRID,9015,C1,N1,0,0,0,1fec19032409e080ab064f4b8f17358fc3fd5fb04853d225fe0a6b0a78d9bcf9,0,0,0,0,0,0,0,0
C1_S9015_H0_N3_W120-240_I30_HYBRID,9015,C1,N3,0,0,0,04b2a2d3fdd6bb95a2426ba0019047a35ad9bcf6b6167074a7f07df0c464dcde,0,0,0,0,0,0,0,0
C1_S9015_H0_N4_W120-240_I30_HYBRID,9015,C1,N4,0,120,120,85e3ffe4485031a4c43dc87d48f7d92fce6e8a52891204b7951cb182fe9170c2,0,0,0,10,1,11,1,14
C1_S9015_H1_N1_W120-240_I30_HYBRID,9015,C1,N1,1,0,0,1a57be1cd6dfdd5d37e54ee34922560e771ed96fbb8772a52ae57618e07249c9,0,0,0,0,0,0,0,0
C1_S9015_H1_N3_W120-240_I30_HYBRID,9015,C1,N3,1,0,0,fbeff29e48e642804afd90006dc031f2cd0ec9769ee8b1c12482a217245e89af,0,0,0,0,0,0,0,0
C1_S9015_H1_N4_W120-240_I30_HYBRID,9015,C1,N4,1,120,120,6ef95a556b25fdec6d20cddebfb61a1d8ccff3800bc0ebdad990c703faa381c3,0,0,0,9,1,10,1,28
C1_S9016_H0_N1_W120-240_I30_HYBRID,9016,C1,N1,0,0,0,2298e2676cb674854378fd0609bbdc66c6a1d5a263758b4c0c8f586f652b3f98,0,0,0,0,0,0,0,0
C1_S9016_H0_N3_W120-240_I30_HYBRID,9016,C1,N3,0,0,0,c623a62f17ad48fe258f5026942d3025a4cfde740b2a7188fedfda350e0612f8,0,0,0,0,0,0,0,0
C1_S9016_H0_N4_W120-240_I30_HYBRID,9016,C1,N4,0,120,120,b0bbc0a74c04aa7f36405b4b750997538075eae1581bda6c14e4fb758cdf8385,0,0,0,9,1,9,1,4
C1_S9016_H1_N1_W120-240_I30_HYBRID,9016,C1,N1,1,0,0,0c100c1b600ca27df47cdfd8f150a855d73d61dd8d4780a2f7508d79255bf960,0,0,0,0,0,0,0,0
C1_S9016_H1_N3_W120-240_I30_HYBRID,9016,C1,N3,1,0,0,7b51ece64a984df00fbdb844bc3ab881d091554281aed1071d426a06bc1d1b14,0,0,0,0,0,0,0,0
C1_S9016_H1_N4_W120-240_I30_HYBRID,9016,C1,N4,1,120,120,ec7cb94d05476dff878e465d3250688b5ac3ef872685b88dd050f1d012ac136e,0,0,0,14,0,14,1,15
C1_S9017_H0_N1_W120-240_I30_HYBRID,9017,C1,N1,0,0,0,63d08c95ce6aeb7ce9f9eeaad82aaae20afb972b3f49253e2653786c1bda4bd7,0,0,1,0,0,0,0,0
C1_S9017_H0_N3_W120-240_I30_HYBRID,9017,C1,N3,0,0,0,95457ebb49de5de3305573e04f02259a0eedbed88f4fe5b601f9e0f153e869c2,0,0,0,0,0,0,0,0
C1_S9017_H0_N4_W120-240_I30_HYBRID,9017,C1,N4,0,120,120,7b5e40d9a04674933f0dc9f0a54527627852f472fb48ed625c9d8776b4ff9151,0,0,0,6,0,6,1,18
C1_S9017_H1_N1_W120-240_I30_HYBRID,9017,C1,N1,1,0,0,d536f3e8839ee6bce8eda47771a70dfcc33ff2a24abc714696cecd4bcc5200bd,0,0,0,0,0,0,0,0
C1_S9017_H1_N3_W120-240_I30_HYBRID,9017,C1,N3,1,0,0,210f5ab7dd3421caf82aa52562d3bb768e8b8e9c4ad0d6f2a34df9107850f319,1,1,0,0,0,0,0,0
C1_S9017_H1_N4_W120-240_I30_HYBRID,9017,C1,N4,1,120,120,16f0a95a242a231d6631415c4ced41856dc77d1d2a9212107bb389a810a45413,1,1,0,9,0,9,1,33
C1_S9018_H0_N1_W120-240_I30_HYBRID,9018,C1,N1,0,0,0,6531cfefb0c91194549f275e7206f9517dd72b9c32720377c0c94ef063da2e2d,0,0,0,0,0,0,0,0
C1_S9018_H0_N3_W120-240_I30_HYBRID,9018,C1,N3,0,0,0,8a318c854917be866bfd0803bfdfcb8a6a0dfcc0fd79b2c258d4ffa99b018ebc,0,0,0,0,0,0,0,0
C1_S9018_H0_N4_W120-240_I30_HYBRID,9018,C1,N4,0,120,120,fb4c939ebd1c811654572134946358d662c7783bb9d5f18f8c8ee4e67d7328f7,0,0,0,12,0,12,1,2
C1_S9018_H1_N1_W120-240_I30_HYBRID,9018,C1,N1,1,0,0,aeec5227dcdc197fbdfecea82f02da56ec18ad52f72a97626f142e022320a2ec,0,0,1,0,0,0,0,0
C1_S9018_H1_N3_W120-240_I30_HYBRID,9018,C1,N3,1,0,0,b1fd07102a21b4c9061d3cacf5c5ec5986dc6cd1b06641be1e1d2c766292aaea,1,0,0,0,0,0,0,0
C1_S9018_H1_N4_W120-240_I30_HYBRID,9018,C1,N4,1,120,120,4cf86d6c528585d0f51601d2ac084e264498902b5e4dbdb8ec2becc7683156f2,0,0,0,12,0,12,1,8
C1_S9019_H0_N1_W120-240_I30_HYBRID,9019,C1,N1,0,0,0,339bd2b2d17245e851358e03468308c58d4596e8e3aa1a2239857cf3848f5cf4,0,0,0,0,0,0,0,0
C1_S9019_H0_N3_W120-240_I30_HYBRID,9019,C1,N3,0,0,0,905d6187f4a4609930f93080db6f8ec6ddfb2ae48c163852163aadc1e7d35829,0,0,0,0,0,0,0,0
C1_S9019_H0_N4_W120-240_I30_HYBRID,9019,C1,N4,0,120,120,bc0631933aca7227ebffcba0c967ad4a1780874ac8ac927a07481d868f7a7f65,0,0,0,4,0,4,1,12
C1_S9019_H1_N1_W120-240_I30_HYBRID,9019,C1,N1,1,0,0,e641c3bb7925c198c2308b4fe6702d673508ad08305bf56a858ffe388cf16ef2,0,0,0,0,0,0,0,0
C1_S9019_H1_N3_W120-240_I30_HYBRID,9019,C1,N3,1,0,0,d8ce52247e2bcdbf6a0662788d348bb04de766ff90adc9ba865d99b49ffbf594,0,0,0,0,0,0,0,0
C1_S9019_H1_N4_W120-240_I30_HYBRID,9019,C1,N4,1,120,120,08d211819ea2866aadb591b2a63b66a67163fe61ac465ebca8004d798909daad,0,0,0,13,0,13,1,13
C1_S9020_H0_N1_W120-240_I30_HYBRID,9020,C1,N1,0,0,0,614b2f4a824a051ab0ccf973de9251289f5f11bd05d095c463ec6cbc5d425036,0,0,1,0,0,0,0,0
C1_S9020_H0_N3_W120-240_I30_HYBRID,9020,C1,N3,0,0,0,94165f707bbb7da93408a9c58d90600d8b69d7af6cdf5d0a25c52d65739eed29,0,0,0,0,0,0,0,0
C1_S9020_H0_N4_W120-240_I30_HYBRID,9020,C1,N4,0,120,120,4da052f4abf8b1a9ca187431e642ed8b95fc4468066fd6cf21b6c4e295b22e71,0,0,0,4,1,4,1,12
C1_S9020_H1_N1_W120-240_I30_HYBRID,9020,C1,N1,1,0,0,cd5930bda2c950f60a86e3925bf1b27e84326738259f203bb20b9a9cb7a0700e,0,0,0,0,0,0,0,0
C1_S9020_H1_N3_W120-240_I30_HYBRID,9020,C1,N3,1,0,0,4aa8761abcc3db5d85460a5a63d6747cb973105d915a736be5ec5290a2838371,0,0,0,0,0,0,0,0
C1_S9020_H1_N4_W120-240_I30_HYBRID,9020,C1,N4,1,120,120,1ec2d1c33386909b5da630d33490355a53af40e5f43407dd3093d3e17784130b,0,0,0,9,2,11,1,17
C1_S9021_H0_N1_W120-240_I30_HYBRID,9021,C1,N1,0,0,0,20978c7cf678d093f80bf183e58eecb7ee35e5efa98d5fd398a8c0ea6d163cac,0,0,3,0,0,0,0,0
C1_S9021_H0_N3_W120-240_I30_HYBRID,9021,C1,N3,0,0,0,da8036e9a1d702cea657bb7052a1c5e7a0f75d8cb8c344927d0f333326ea1338,0,0,0,0,0,0,0,0
C1_S9021_H0_N4_W120-240_I30_HYBRID,9021,C1,N4,0,120,120,fe841b7afc6c99ae278bb59114a3049d3d75c25a6ff399f0a03ab6ac1756ede7,0,0,0,5,0,5,1,8
C1_S9021_H1_N1_W120-240_I30_HYBRID,9021,C1,N1,1,0,0,372cc1406ae7b3f7106906c73507261029818fc97a289bff7d2a984739cef125,0,0,0,0,0,0,0,0
C1_S9021_H1_N3_W120-240_I30_HYBRID,9021,C1,N3,1,0,0,d2bd2e3e4a48b5952e0c99fccd2be3f41803243d1b4e8ae50ab26d6afa8b16a0,0,0,0,0,0,0,0,0
C1_S9021_H1_N4_W120-240_I30_HYBRID,9021,C1,N4,1,120,120,4f7371ef3a1d182db4b093bc8ba90707a55d10b733500528ffc22329b351aa72,0,0,0,8,0,8,1,12
C1_S9022_H0_N1_W120-240_I30_HYBRID,9022,C1,N1,0,0,0,f04d6061544d3734834fc8a0c068f95060abf9b9a16420972ed629168163b4b7,0,0,0,0,0,0,0,0
C1_S9022_H0_N3_W120-240_I30_HYBRID,9022,C1,N3,0,0,0,2132f751885b44a37303de3742a29cea6e6cc20e1b9343df4e714d7dc73af813,0,0,0,0,0,0,0,0
C1_S9022_H0_N4_W120-240_I30_HYBRID,9022,C1,N4,0,120,120,b6be4301636ecd33dc427ab1556f723c0906783f8a578a50f4f54f20e82ab8b7,0,0,0,11,0,10,1,12
C1_S9022_H1_N1_W120-240_I30_HYBRID,9022,C1,N1,1,0,0,d88982c46f67f1dc1fd9d0a9efdf4aa6851d30640cf9785fff3e99dfdd4b3f00,0,0,1,0,0,0,0,0
C1_S9022_H1_N3_W120-240_I30_HYBRID,9022,C1,N3,1,0,0,87b283829201bb1139783945723dccb7d692e829b1256fea8e0447dfdb9c1389,0,0,0,0,0,0,0,0
C1_S9022_H1_N4_W120-240_I30_HYBRID,9022,C1,N4,1,120,120,99b6d81eb909b019414822b40e4a253fe37ee603ba45cb9e40a4c175ce372f07,0,0,0,10,0,10,1,14
C1_S9023_H0_N1_W120-240_I30_HYBRID,9023,C1,N1,0,0,0,1dd14b127ce44b97da670aeddc40c8a900e3ce258319ada6045252e97e065371,0,0,1,0,0,0,0,0
C1_S9023_H0_N3_W120-240_I30_HYBRID,9023,C1,N3,0,0,0,62ae80dcd63bdfa0042fec33cabe8fa4439e95e04990f715fee7147afc449304,0,0,0,0,0,0,0,0
C1_S9023_H0_N4_W120-240_I30_HYBRID,9023,C1,N4,0,120,120,0853ea64ca21e74d16b572bc7d85ac0f9dc3bc27b742cf2905b9d153b88db643,0,0,0,11,0,11,1,9
C1_S9023_H1_N1_W120-240_I30_HYBRID,9023,C1,N1,1,0,0,9b29b0200c84e7104ac694dd8e3038bc789b4454460a263d8dea1f3631520717,0,0,1,0,0,0,0,0
C1_S9023_H1_N3_W120-240_I30_HYBRID,9023,C1,N3,1,0,0,840191449fb12ef59ce83cc33ff7598db40e21a0e4e14fec7e4b4d1441d671eb,0,0,1,0,0,0,0,0
C1_S9023_H1_N4_W120-240_I30_HYBRID,9023,C1,N4,1,120,120,0a8347822cf2d11517ac1c89d61d1f32667e0f4e2fa86f2302ff5b454df76b43,0,0,0,10,0,10,1,11
C1_S9024_H0_N1_W120-240_I30_HYBRID,9024,C1,N1,0,0,0,028b4e66e009a2a5f5a51cf2db95d71f9a6fd02c0a088be337f49c946ac3905b,0,0,0,0,0,0,0,0
C1_S9024_H0_N3_W120-240_I30_HYBRID,9024,C1,N3,0,0,0,31da0a8bb12546440d250c2d61284d26072a359d7dbe5f7d4db389b929ba8162,0,0,1,0,0,0,0,0
C1_S9024_H0_N4_W120-240_I30_HYBRID,9024,C1,N4,0,120,120,a3c6ea118660715222898fb82aaf5d6596b1ba9fe34513d254d7b3865e48680d,0,0,0,11,0,11,1,14
C1_S9024_H1_N1_W120-240_I30_HYBRID,9024,C1,N1,1,0,0,1cf3f9e5745f414e516a112f2d975b7698da63f8b6d1c801c4d051c997173a10,0,0,0,0,0,0,0,0
C1_S9024_H1_N3_W120-240_I30_HYBRID,9024,C1,N3,1,0,0,85fc1e2ea75f5468910b416d8fc350bb4a2e065602120f9d007feccb4ab2e4ba,0,0,0,0,0,0,0,0
C1_S9024_H1_N4_W120-240_I30_HYBRID,9024,C1,N4,1,120,120,e5dad3db9b4d684f774f988a0c1369b6bbbdaa46ea468c3121503a0ebc0c7508,0,0,0,22,0,22,1,13
C1_S9025_H0_N1_W120-240_I30_HYBRID,9025,C1,N1,0,0,0,ea6583d5749ac716d4003de9b7091295260c8cdceca43319b38b341367ad1f48,0,0,0,0,0,0,0,0
C1_S9025_H0_N3_W120-240_I30_HYBRID,9025,C1,N3,0,0,0,f16528fdf12d10619299b27499de398d2f3fccdfc3206ac73d25aa7e88c291e8,0,0,0,0,0,0,0,0
C1_S9025_H0_N4_W120-240_I30_HYBRID,9025,C1,N4,0,120,120,fd2301fda113870d8a21acc0a14d2c666d944fcff14844101a8d13e01faf69af,0,0,0,8,0,8,1,19
C1_S9025_H1_N1_W120-240_I30_HYBRID,9025,C1,N1,1,0,0,9a2f56c352edbe20a1d0acd9933ef81306b1a4c7288f683f35a88e10a82c13df,0,0,0,0,0,0,0,0
C1_S9025_H1_N3_W120-240_I30_HYBRID,9025,C1,N3,1,0,0,77a05044e0f6d5bca79d1018b542103c275cdf0f37ae6f246a834d081939fcab,0,0,0,0,0,0,0,0
C1_S9025_H1_N4_W120-240_I30_HYBRID,9025,C1,N4,1,120,120,89eb0aa606a9b885268b39210b469fab8a293a2639cbcb16ec88d1828e2c1180,0,0,0,11,0,11,1,29
C1_S9026_H0_N1_W120-240_I30_HYBRID,9026,C1,N1,0,0,0,2dcddb26ae5e30179a39c2bc7f0b43b23aef0957bf37015da6ba0a75cf086182,0,0,0,0,0,0,0,0
C1_S9026_H0_N3_W120-240_I30_HYBRID,9026,C1,N3,0,0,0,dfa2d010c07992e2a011b9f06b824c01133947453580a4f6d171e05b9cba8aa9,0,0,0,0,0,0,0,0
C1_S9026_H0_N4_W120-240_I30_HYBRID,9026,C1,N4,0,120,120,cff172b4f9e82baadb0d18fb767b8a74ef526b7fd47d800de1e3d9b5ff1bfd66,0,0,0,3,0,3,1,0
C1_S9026_H1_N1_W120-240_I30_HYBRID,9026,C1,N1,1,0,0,e0f3964ceaf422f0db6da86b4f13c2ae199e1a6159aab2aa7c0b405d4fbadc35,0,0,0,0,0,0,0,0
C1_S9026_H1_N3_W120-240_I30_HYBRID,9026,C1,N3,1,0,0,d60f9f541d7ef209636babbef7e1d860a837c97e69d7b083badc6acb1c307260,0,0,0,0,0,0,0,0
C1_S9026_H1_N4_W120-240_I30_HYBRID,9026,C1,N4,1,120,120,63bd15b95eb894b8fb841bbd9be83c09d3e9e3474ff07d719e81ec3ff7893709,0,0,0,10,1,11,1,17
C1_S9027_H0_N1_W120-240_I30_HYBRID,9027,C1,N1,0,0,0,73c9c89732109e0fdc3193fc0efc04c66af304102d54c961dc25794177154677,0,0,1,0,0,0,0,0
C1_S9027_H0_N3_W120-240_I30_HYBRID,9027,C1,N3,0,0,0,69339f5fe52f46fb092d9cc83e09db18dda065e4348d8cf6dc1441d4dfc56218,0,0,1,0,0,0,0,0
C1_S9027_H0_N4_W120-240_I30_HYBRID,9027,C1,N4,0,120,120,b5833f0a609a1106dc0ed669ad88c34948cfd7da292af7c3c9ad0a446a3ae9b6,0,0,0,3,0,3,1,2
C1_S9027_H1_N1_W120-240_I30_HYBRID,9027,C1,N1,1,0,0,c4649d75a621e9ab151f8405dbf9e059ccc8fd8ece261263a603e184ead392b5,0,0,1,0,0,0,0,0
C1_S9027_H1_N3_W120-240_I30_HYBRID,9027,C1,N3,1,0,0,6834e6a7f97cdaecb314a06106c5e34f3cbd14af96bda5db954b44d92adcab0c,0,0,0,0,0,0,0,0
C1_S9027_H1_N4_W120-240_I30_HYBRID,9027,C1,N4,1,120,120,a00880dfaf0ab68b0c6811646d385fe9b25cec5edd86930d80a025c0eb58034e,0,0,1,8,1,8,1,10
C1_S9028_H0_N1_W120-240_I30_HYBRID,9028,C1,N1,0,0,0,645ff4e29362391424ce060cbb6db294e270bc69c15ff190521aa4554b5f4b6d,0,0,0,0,0,0,0,0
C1_S9028_H0_N3_W120-240_I30_HYBRID,9028,C1,N3,0,0,0,6a4af23bd10c240e9713265f6dddcdbaaf7f7cfaec825042b28e0106610551ca,0,0,1,0,0,0,0,0
C1_S9028_H0_N4_W120-240_I30_HYBRID,9028,C1,N4,0,120,120,b653cab60449cbe5059b72ccefe7c4f82d9e675ddd359ca8cf765896de203e40,0,0,0,11,0,11,1,10
C1_S9028_H1_N1_W120-240_I30_HYBRID,9028,C1,N1,1,0,0,a87e28ced0387f16c850a6ae545aed0bb4c9ef75321f41852befa71d802f4c77,0,0,0,0,0,0,0,0
C1_S9028_H1_N3_W120-240_I30_HYBRID,9028,C1,N3,1,0,0,3e7cfbd7baf4dcb6db6ade092516cbf57f715412faebb0aece0f5101448ef470,0,0,1,0,0,0,0,0
C1_S9028_H1_N4_W120-240_I30_HYBRID,9028,C1,N4,1,120,120,82bd889138da374759ae1deda76d0af57e3067d6c0cae502b7f0982a6fd356eb,0,0,0,16,0,16,1,4
C1_S9029_H0_N1_W120-240_I30_HYBRID,9029,C1,N1,0,0,0,8c798305c664e580009df67e9df8389013f8850e6216713cc2faf2f324760001,0,0,0,0,0,0,0,0
C1_S9029_H0_N3_W120-240_I30_HYBRID,9029,C1,N3,0,0,0,8643a354d437cf0a78b713e72ef03f5621ec41933f1ff4a787566b5f99f4ca4b,0,0,2,0,0,0,0,0
C1_S9029_H0_N4_W120-240_I30_HYBRID,9029,C1,N4,0,120,120,9a52a729f13bea38c61d3021fd22f49922177647b152fe78553564729607dac2,0,0,0,5,0,5,1,3
C1_S9029_H1_N1_W120-240_I30_HYBRID,9029,C1,N1,1,0,0,2089f24916201cd051779202bf46b0a1f90df4c48497555d7e3664808bb4e236,0,0,0,0,0,0,0,0
C1_S9029_H1_N3_W120-240_I30_HYBRID,9029,C1,N3,1,0,0,f550acbb561eb3d37f789bfce78763972ee61acac8322434a1295e0fad8d8679,0,0,0,0,0,0,0,0
C1_S9029_H1_N4_W120-240_I30_HYBRID,9029,C1,N4,1,120,120,234326535d32e250e00c8d5bea7c7aecfc67b2772dd92bfbd13c9faa54bf5d70,0,0,0,15,1,15,1,27
C1_S9030_H0_N1_W120-240_I30_HYBRID,9030,C1,N1,0,0,0,98fca69671d2d464698666c010d29d0a6f17f013d76bc4785205ebbe53555ed7,0,0,0,0,0,0,0,0
C1_S9030_H0_N3_W120-240_I30_HYBRID,9030,C1,N3,0,0,0,83975d09cd05127cb883ea092656989f97096fb4900430d999de0d61589a6da9,0,0,0,0,0,0,0,0
C1_S9030_H0_N4_W120-240_I30_HYBRID,9030,C1,N4,0,120,120,a9cbd0c6fdeb8e03dd4990ef21832ac53b712f9c05b48a6db10a735b8ac8d9ce,0,0,0,11,0,11,1,7
C1_S9030_H1_N1_W120-240_I30_HYBRID,9030,C1,N1,1,0,0,515860b1d6b2e3470b7677c87c69607d3c3e3fc05042ff77da1af521559f4688,0,0,0,0,0,0,0,0
C1_S9030_H1_N3_W120-240_I30_HYBRID,9030,C1,N3,1,0,0,f11abaa36071fd89ed1222a847dc722e2247c1c01001922787683a896f0975a1,0,0,0,0,0,0,0,0
C1_S9030_H1_N4_W120-240_I30_HYBRID,9030,C1,N4,1,120,120,79b2917b4f149158692ba3cc86de1679579c26dd222f77c84795bc9fe6f3f50a,0,0,0,17,0,17,1,16
C1_S9031_H0_N1_W120-240_I30_HYBRID,9031,C1,N1,0,0,0,4406132ed60f09e7702527c19bd82853bf3dde1acb3ed0151f1edfa50e810628,0,0,0,0,0,0,0,0
C1_S9031_H0_N3_W120-240_I30_HYBRID,9031,C1,N3,0,0,0,a5efa772b3ff2613ca9c73d7f6c83d97fe8e899f8e3e491108afb78353251e47,0,0,0,0,0,0,0,0
C1_S9031_H0_N4_W120-240_I30_HYBRID,9031,C1,N4,0,120,120,7174d8625f684fa722cc47439572d77b25fdb0a0141ce04a3084c9f5b0af584d,0,0,0,9,0,9,1,7
C1_S9031_H1_N1_W120-240_I30_HYBRID,9031,C1,N1,1,0,0,a816703469b1d44964bee01598431d614fadee09e4a477bf8c8fb565fbbf7756,0,0,4,0,0,0,0,0
C1_S9031_H1_N3_W120-240_I30_HYBRID,9031,C1,N3,1,0,0,13cc76086c1aed032c27c7c4801b485cb370c29dd6f1a68099e5ff8a92b928f2,0,0,1,0,0,0,0,0
C1_S9031_H1_N4_W120-240_I30_HYBRID,9031,C1,N4,1,120,120,377b789953d2e3d3484586f3d6271aaa4f38212dca7c4946578013a4f4e4cecc,0,0,0,13,5,13,1,6
C1_S9032_H0_N1_W120-240_I30_HYBRID,9032,C1,N1,0,0,0,5573bae81d6486652867c4895d2444336a6c9783e72c1ec88502d77f5b149481,0,0,0,0,0,0,0,0
C1_S9032_H0_N3_W120-240_I30_HYBRID,9032,C1,N3,0,0,0,beed61a90ab43c90cffc933b57c697f18c1e2502d3facf17195f4df41a49d7e8,0,0,0,0,0,0,0,0
C1_S9032_H0_N4_W120-240_I30_HYBRID,9032,C1,N4,0,120,120,e1eb338c203b38bfecf1d8e2b8c4342f3bcc445be1402546ae27b4bd6b2f9bbb,0,0,0,7,2,7,1,31
C1_S9032_H1_N1_W120-240_I30_HYBRID,9032,C1,N1,1,0,0,f2e0be96dc37de23430929de1beeaf8c5a32a3e9c0fac15278d58de45a638bc6,0,0,1,0,0,0,0,0
C1_S9032_H1_N3_W120-240_I30_HYBRID,9032,C1,N3,1,0,0,f0557880dea43e610e4ab275a42ab37c20fb2d729ea4e2e2a002277babfafe25,0,0,0,0,0,0,0,0
C1_S9032_H1_N4_W120-240_I30_HYBRID,9032,C1,N4,1,120,120,f1f75b38c748ea2934bc90f7eb6590f27f6cd9bcc06269361379373e2e781b73,0,0,0,24,0,24,1,6
C1_S9033_H0_N1_W120-240_I30_HYBRID,9033,C1,N1,0,0,0,a236e9e8f5ce8631ac20f518272c526bf67cf202a3fe2832971183ad0acc4f6a,0,0,0,0,0,0,0,0
C1_S9033_H0_N3_W120-240_I30_HYBRID,9033,C1,N3,0,0,0,280a09cf04165ff538eb48567d67e2a2c8d49472a525d14b9661847d4017c13a,0,0,0,0,0,0,0,0
C1_S9033_H0_N4_W120-240_I30_HYBRID,9033,C1,N4,0,120,120,dd1c3d3870bac1f8ccd9a846dce14b81ab5bcee491c7a9a0a01724ce163077ee,0,0,0,6,0,6,1,13
C1_S9033_H1_N1_W120-240_I30_HYBRID,9033,C1,N1,1,0,0,a33cac601a1d38e76a7d7d73492f94fc0c30dfc5dbd63c9be18faf1bf364c3e5,0,0,0,0,0,0,0,0
C1_S9033_H1_N3_W120-240_I30_HYBRID,9033,C1,N3,1,0,0,d198ffd15f6f9a01b453fb445e707ba1559c49cd0d3468ea8fdf01fa53ef7c9e,0,0,0,0,0,0,0,0
C1_S9033_H1_N4_W120-240_I30_HYBRID,9033,C1,N4,1,120,120,e58ad3ce8ea2e8881040b631e44ef6ab97ee392da2208d32755877b4eaca345b,1,1,0,6,0,6,1,8
C1_S9034_H0_N1_W120-240_I30_HYBRID,9034,C1,N1,0,0,0,4eef1f3ce76d77ff139f9a7fc470992a84ecfe888c52f200ad9e4d047e95f397,0,0,0,0,0,0,0,0
C1_S9034_H0_N3_W120-240_I30_HYBRID,9034,C1,N3,0,0,0,467d65943eb1c6e20d35f1b3e3dcd5c74d32217395c41625ba8f0dcb52b7a473,0,0,0,0,0,0,0,0
C1_S9034_H0_N4_W120-240_I30_HYBRID,9034,C1,N4,0,120,120,a13e7d980df04edfd2856a559d9453530dd95171461911b51cbbc343e6b38ac3,0,0,0,8,0,8,1,8
C1_S9034_H1_N1_W120-240_I30_HYBRID,9034,C1,N1,1,0,0,d0b6fe671890ac126e6dc49c6ca6a598dabfdc67fd2dd858f739583b9826aa70,0,0,0,0,0,0,0,0
C1_S9034_H1_N3_W120-240_I30_HYBRID,9034,C1,N3,1,0,0,6611683252541558b638bacda6e20b263a865660994264d5f9f608010e6273e2,0,0,1,0,0,0,0,0
C1_S9034_H1_N4_W120-240_I30_HYBRID,9034,C1,N4,1,120,120,2c949f9f9683cbb1020e7278a6716d03ec672c870cb5eb21c556268a44746088,0,0,0,11,0,10,1,11
C1_S9035_H0_N1_W120-240_I30_HYBRID,9035,C1,N1,0,0,0,33da46da6634fc2240fda45a37e78ea6fb3b50c9d4c712299a9c26eb26d5fce9,0,0,0,0,0,0,0,0
C1_S9035_H0_N3_W120-240_I30_HYBRID,9035,C1,N3,0,0,0,bac03a06916ee1cf0a34e541edde8bc475ce3605cbec26e8f28063156e03d2c5,0,0,1,0,0,0,0,0
C1_S9035_H0_N4_W120-240_I30_HYBRID,9035,C1,N4,0,120,120,1153ec7d366ec8635d49b126b30a0a3278f5a5d11283f7e767429c53e4e94a0b,0,0,0,2,0,2,1,18
C1_S9035_H1_N1_W120-240_I30_HYBRID,9035,C1,N1,1,0,0,5e2e4daa760c2936c85976df4afcf7b2b8725dc39af174edf1ae47d4e9257269,0,0,1,0,0,0,0,0
C1_S9035_H1_N3_W120-240_I30_HYBRID,9035,C1,N3,1,0,0,f8e77fb7be0dee198a76ed0e32fcdf0035979cdf4d5096ba5e19fcde7472a036,0,0,1,0,0,0,0,0
C1_S9035_H1_N4_W120-240_I30_HYBRID,9035,C1,N4,1,120,120,a89c256437bd318df5b3b5302d6df351e75aa3559715ec7ee828c793b3909763,0,0,0,18,0,18,1,5
C1_S9036_H0_N1_W120-240_I30_HYBRID,9036,C1,N1,0,0,0,428ed6a1464605250555031ab9fb4702e74eec0b6303ecb3aa3fbbc9db4fd066,0,0,0,0,0,0,0,0
C1_S9036_H0_N3_W120-240_I30_HYBRID,9036,C1,N3,0,0,0,46e400af6b1b42587e49b3daf5d2afb9f472790b29469cf06a35bdbc0e02db2f,0,0,0,0,0,0,0,0
C1_S9036_H0_N4_W120-240_I30_HYBRID,9036,C1,N4,0,120,120,ad006a291fb0daa7bc1da3fe50b201234b920421a4a8817015a909f4af0934c7,0,0,0,6,0,6,1,7
C1_S9036_H1_N1_W120-240_I30_HYBRID,9036,C1,N1,1,0,0,50889878b5409b69534745d3ca2f847892621d37c37718f31b0f8a5cec62ea18,0,0,0,0,0,0,0,0
C1_S9036_H1_N3_W120-240_I30_HYBRID,9036,C1,N3,1,0,0,a725690e92996f3032c7c0d0f3750e808a925447ab122ef0f0e032e896f4f8df,0,0,0,0,0,0,0,0
C1_S9036_H1_N4_W120-240_I30_HYBRID,9036,C1,N4,1,120,120,ad8c96dc1bb31bd629f0942534c68a27a7f83482b38c08f8f53a3b6a84f1f0c0,0,0,0,12,0,12,1,20
C1_S9037_H0_N1_W120-240_I30_HYBRID,9037,C1,N1,0,0,0,60637db096cdf972a14f3d2a761a41e450387b8cc8624f88c43ae6bdfd5c5aab,0,0,0,0,0,0,0,0
C1_S9037_H0_N3_W120-240_I30_HYBRID,9037,C1,N3,0,0,0,392628756ad043599842d3b194881d8eb0bffdc2757ed71b0ac0dd928a6975eb,0,0,0,0,0,0,0,0
C1_S9037_H0_N4_W120-240_I30_HYBRID,9037,C1,N4,0,120,120,8b2b11dbd9a24d4655dc18b89a2531198acf7395430cb0c8e61729f901ba7ab8,0,0,0,9,0,9,1,15
C1_S9037_H1_N1_W120-240_I30_HYBRID,9037,C1,N1,1,0,0,f95363163420bbf2822747aaf0fad0abc7261c1391e67bb07e12d6d5ea41e277,0,0,0,0,0,0,0,0
C1_S9037_H1_N3_W120-240_I30_HYBRID,9037,C1,N3,1,0,0,0dda4e9ac962ee32b4c164525b9baba500bc26a1d3894a71743d7655a8c0b0be,0,0,0,0,0,0,0,0
C1_S9037_H1_N4_W120-240_I30_HYBRID,9037,C1,N4,1,120,120,3f691c062da01f64873a97373423a4bc8fc96db63bfe2f674b18db880beec3cc,0,0,0,7,0,7,1,27
C1_S9038_H0_N1_W120-240_I30_HYBRID,9038,C1,N1,0,0,0,3e205a3fcbca6ec908b9853ffd48709c3faea30847b2eac848d1716b7f3df028,0,0,0,0,0,0,0,0
C1_S9038_H0_N3_W120-240_I30_HYBRID,9038,C1,N3,0,0,0,b37a28ea80a1c15375290acf5ec66b31459ae61dfcaae5989dc053cb9e76ed8b,0,0,0,0,0,0,0,0
C1_S9038_H0_N4_W120-240_I30_HYBRID,9038,C1,N4,0,120,120,e51b03f229e44347eba815a3fb6864bcd66965bc024cfa699b8be75a1f427c85,0,0,0,11,1,10,1,23
C1_S9038_H1_N1_W120-240_I30_HYBRID,9038,C1,N1,1,0,0,d20d4b473a9322bb30811b4cc1de3531f374941f69a4e65b51430c37340f57f9,0,0,0,0,0,0,0,0
C1_S9038_H1_N3_W120-240_I30_HYBRID,9038,C1,N3,1,0,0,4cad610cf32451042febc36938e64cd8d97bd040185a5fb4a95ab28e46e5293b,0,0,1,0,0,0,0,0
C1_S9038_H1_N4_W120-240_I30_HYBRID,9038,C1,N4,1,120,120,8f84bbfdb7ddb700cc19363098f12139b03d1eaf63884b35086740499fa877e7,0,0,0,17,1,17,1,9
C1_S9039_H0_N1_W120-240_I30_HYBRID,9039,C1,N1,0,0,0,f39b915165f8ba2c68bd78bb0fef3b0c0bab971456fe33c6c48305111c071333,0,0,0,0,0,0,0,0
C1_S9039_H0_N3_W120-240_I30_HYBRID,9039,C1,N3,0,0,0,8e442917d625ce42b7c79a2aba0bde7bd380a8fe7f601ac3953e17c6a3c716e8,0,0,0,0,0,0,0,0
C1_S9039_H0_N4_W120-240_I30_HYBRID,9039,C1,N4,0,120,120,36f9c829311842e879b4f06100a8f7baa80f3931b01370f5760e6d8ac8ec945a,0,0,0,8,0,8,1,5
C1_S9039_H1_N1_W120-240_I30_HYBRID,9039,C1,N1,1,0,0,198c1d34a9f141797e721ac98b4e99fdfebae146fb54cdae8656c5db7ab24708,0,0,0,0,0,0,0,0
C1_S9039_H1_N3_W120-240_I30_HYBRID,9039,C1,N3,1,0,0,155a71382e21fefbd826e449f585059d717c2a85c6f0ad8c6670201e34eca0cf,0,0,1,0,0,0,0,0
C1_S9039_H1_N4_W120-240_I30_HYBRID,9039,C1,N4,1,120,120,b9e371107c29f1b3cf77770d3f494bce59337d32ce9fde72655e1aaf61660199,0,0,0,18,0,18,1,8
C1_S9040_H0_N1_W120-240_I30_HYBRID,9040,C1,N1,0,0,0,734de1853e3ce4ae440d8204fcc528d8e9a4fdee1380adfdd2e77bf40cd8cc70,0,0,0,0,0,0,0,0
C1_S9040_H0_N3_W120-240_I30_HYBRID,9040,C1,N3,0,0,0,632a287eea1b51b1816ed0a177a6310aed03e1c200958a4b2637e30a514e1028,0,0,0,0,0,0,0,0
C1_S9040_H0_N4_W120-240_I30_HYBRID,9040,C1,N4,0,120,120,2421b40cd441adf80c9c86a35f3c52e55fc36efc8f2753c351a1d630217a3784,0,0,0,8,0,8,1,14
C1_S9040_H1_N1_W120-240_I30_HYBRID,9040,C1,N1,1,0,0,2e6517c05119d41216fccf05d85d7bfa709585e5f4b03290205e9c76495ddcd3,0,0,1,0,0,0,0,0
C1_S9040_H1_N3_W120-240_I30_HYBRID,9040,C1,N3,1,0,0,bb86e486ff0a0b572e70f82a855ff2bb8f806fb57219abdabbd0d269a372ae3d,0,0,0,0,0,0,0,0
C1_S9040_H1_N4_W120-240_I30_HYBRID,9040,C1,N4,1,120,120,80c6ce8906c44066400e7795c6e8e52ec458c01db81180493f509a0ca4bb1abb,0,0,0,14,1,14,1,12
C2_S9001_H1_N4_W120-150_I30_HYBRID,9001,C2,N4,1,120,30,f2f9d8e6ad27ab5ab452a97d85b2522febac81d118fca03c1e7873a43ef0c651,0,0,0,1,0,1,1,74
C2_S9001_H1_N4_W120-180_I30_HYBRID,9001,C2,N4,1,120,60,31807580ab5f3680a44961fa768b2e6704c5190866368f02f8a4f30e0a5070aa,0,0,0,6,1,6,1,29
C2_S9001_H1_N4_W120-300_I30_HYBRID,9001,C2,N4,1,120,180,e5b72200c746e3af84dfc33d321af4eaef1703ab3d971819523d09064a18616a,0,0,0,28,0,28,1,0
C2_S9001_H1_N4_W180-300_I30_HYBRID,9001,C2,N4,1,180,120,a1ab35271ea4af92eecaa0c1d7c5297b7dff7db527434d3794a843d099a6712e,0,0,0,9,0,9,1,0
C2_S9001_H1_N4_W60-180_I30_HYBRID,9001,C2,N4,1,60,120,7afba5e035159cd1972f1c49b63570abfdd0efc54741000018ac23e671e06205,0,0,0,8,0,8,1,31
C2_S9002_H1_N4_W120-150_I30_HYBRID,9002,C2,N4,1,120,30,98b1ef2bfff06fdffbddc5fc20644b7d0625b17e1bdab2267b6b30c5dbe967ca,0,0,0,0,0,0,1,8
C2_S9002_H1_N4_W120-180_I30_HYBRID,9002,C2,N4,1,120,60,641e06cf6b121ea4f818f8a77894f14424eaccfb4c73eed011da0fa64738ceac,0,0,0,1,0,1,1,16
C2_S9002_H1_N4_W120-300_I30_HYBRID,9002,C2,N4,1,120,180,410371c2481cca8ad8e8bdbb14ad5ed2faa24453a6e7231d92e5b56bdd3207a4,0,0,0,18,0,18,1,0
C2_S9002_H1_N4_W180-300_I30_HYBRID,9002,C2,N4,1,180,120,0ab4224a758cb420bf3535d6b31f34ebdafe135b6878ebaa76cf9fd26b499b3b,0,0,0,10,0,10,1,0
C2_S9002_H1_N4_W60-180_I30_HYBRID,9002,C2,N4,1,60,120,bb46a213649358c65f0c725eea9f3789ddf5249b037778deaf1536bb28640338,0,0,0,1,1,1,1,9
C2_S9003_H1_N4_W120-150_I30_HYBRID,9003,C2,N4,1,120,30,33a3abed94332520e265f19cc0c9276f080cbcafb2f9e7eb800eee99dfcca9be,1,1,0,0,0,0,1,41
C2_S9003_H1_N4_W120-180_I30_HYBRID,9003,C2,N4,1,120,60,63c3d75865294f9db613597d8398936e754310debad9f4d08cd11c83c50578b8,0,0,0,3,0,3,1,18
C2_S9003_H1_N4_W120-300_I30_HYBRID,9003,C2,N4,1,120,180,a97488f7392e86a08b1ac52feb7625465b965498fdb17ba2e6f46023b5e3cc69,0,0,0,18,0,18,1,0
C2_S9003_H1_N4_W180-300_I30_HYBRID,9003,C2,N4,1,180,120,7bb6e6ccec42a7ff258ff487086efaa53ae614767a4c7598e84dd5033dac4b8a,0,0,0,14,0,14,1,0
C2_S9003_H1_N4_W60-180_I30_HYBRID,9003,C2,N4,1,60,120,33874666dde437b9bf34e82ddbec7ebf0eeaa34d5ba5cec0085a50358ff2c16a,0,0,0,2,0,2,1,32
C2_S9004_H1_N4_W120-150_I30_HYBRID,9004,C2,N4,1,120,30,eb4242811f7e25d3609ddf3756e560c4037ff20330191f5705f17ffb9ae36100,0,0,0,0,0,0,1,17
C2_S9004_H1_N4_W120-180_I30_HYBRID,9004,C2,N4,1,120,60,51bbbf04809f2ecef03fef42d5cc3dde94e848634d308eba994f2437e1169997,0,0,0,0,0,0,1,31
C2_S9004_H1_N4_W120-300_I30_HYBRID,9004,C2,N4,1,120,180,571747421cd2e8e54b2d2256885aaa55d6dd0de46357bf43cbcd71a1b010f260,0,0,0,13,0,13,1,0
C2_S9004_H1_N4_W180-300_I30_HYBRID,9004,C2,N4,1,180,120,38ae25441d5fd75546cc7485a331331acd4c1bdc08097b9192f3b5a6e7cb9744,0,0,0,10,0,10,1,0
C2_S9004_H1_N4_W60-180_I30_HYBRID,9004,C2,N4,1,60,120,7b39fb7ce7b36de3e6e7a59310e21b55235752f374bf4b75e8a19253a74a5388,0,0,0,1,0,1,1,14
C2_S9005_H1_N4_W120-150_I30_HYBRID,9005,C2,N4,1,120,30,1f36f46d2a33a8212278d14b879c4d227059484ec03140111984c853d210cb06,0,0,0,2,0,2,1,47
C2_S9005_H1_N4_W120-180_I30_HYBRID,9005,C2,N4,1,120,60,8ba465e472e4e689e3eb412dabf9ced9cf91e9b9c2916bee7a99b686151308c8,0,0,0,3,0,3,1,23
C2_S9005_H1_N4_W120-300_I30_HYBRID,9005,C2,N4,1,120,180,9056a45e89e023c02a19fbdf56e60d8010e621d612b9c498f4aa59c3599a86ca,0,0,0,21,0,21,1,0
C2_S9005_H1_N4_W180-300_I30_HYBRID,9005,C2,N4,1,180,120,bfedccae779df91504a7e3723d1f9c0184f18426507f05822db95d31bf1c6018,0,0,0,12,0,12,1,2
C2_S9005_H1_N4_W60-180_I30_HYBRID,9005,C2,N4,1,60,120,dc991f0b0eb4d20da6ba2f7e24eccb9183f7d1e7de6765f9bebb21bf63c09f70,0,0,0,10,0,10,1,26
C2_S9006_H1_N4_W120-150_I30_HYBRID,9006,C2,N4,1,120,30,cdc9b84d18f41d5a55bcb997b4f6baa25ba8c716ef163cf11347dd58905a603b,0,0,0,1,0,1,1,39
C2_S9006_H1_N4_W120-180_I30_HYBRID,9006,C2,N4,1,120,60,391f15e1ea0a1ed86e09f9bd75eb84c412e660c4a5ceec7c3aad124e9e978227,0,0,0,4,0,4,1,21
C2_S9006_H1_N4_W120-300_I30_HYBRID,9006,C2,N4,1,120,180,c1212f11a6c7f9282cbb5a759e6e30081eeb42d058a6e3274cb734eed1e986ec,0,0,0,15,0,15,1,0
C2_S9006_H1_N4_W180-300_I30_HYBRID,9006,C2,N4,1,180,120,4ff6fa007022657cd4969a3908900744fb53657f46df89d1ace4a2519c97b069,0,0,0,11,0,11,1,0
C2_S9006_H1_N4_W60-180_I30_HYBRID,9006,C2,N4,1,60,120,cb129ed3da8b141fe64e4c6873f47f8662e1d40192c25e5d9c587c22f7c4f00d,0,0,0,3,0,3,1,26
C2_S9007_H1_N4_W120-150_I30_HYBRID,9007,C2,N4,1,120,30,d1abea8d4eef448494178b712583f8375c543e9205630f08cb7ed0fb3bf5ce44,0,0,0,0,0,0,1,52
C2_S9007_H1_N4_W120-180_I30_HYBRID,9007,C2,N4,1,120,60,96d39559edbf74041682b7ab6012aa5943e8929a220c174ad29ab35254c80ce1,0,0,0,6,1,6,1,22
C2_S9007_H1_N4_W120-300_I30_HYBRID,9007,C2,N4,1,120,180,446d608c808a8fa93d7431c9ca71b84711413811ab11b35daf5412c3f8a8908f,0,0,0,21,0,21,1,0
C2_S9007_H1_N4_W180-300_I30_HYBRID,9007,C2,N4,1,180,120,d7763cde16e4cd3d99312b9706c20c3c2aa06429fc8e50bfe120dcc6aaa5bd99,0,0,0,6,0,6,1,0
C2_S9007_H1_N4_W60-180_I30_HYBRID,9007,C2,N4,1,60,120,1bde4df42a8363c9d65ed744eb71bb927a7efddc08fcbdb68f7ff566e892858d,0,0,0,8,0,8,1,22
C2_S9008_H1_N4_W120-150_I30_HYBRID,9008,C2,N4,1,120,30,0197362758f5ecf3a64290ca0d91e70d08db70d8f6581f3134183c081e80a897,0,0,0,0,1,1,1,7
C2_S9008_H1_N4_W120-180_I30_HYBRID,9008,C2,N4,1,120,60,73fbc304bbaedb1a326a6aaea1cf535260ade6982deda4a085eab39da38bc917,0,0,0,2,0,2,1,10
C2_S9008_H1_N4_W120-300_I30_HYBRID,9008,C2,N4,1,120,180,94470a7ccf3a467e2006bf897e204dc0f334bf4a9bc54f7097dc84134f03496b,0,0,0,14,0,14,1,0
C2_S9008_H1_N4_W180-300_I30_HYBRID,9008,C2,N4,1,180,120,96332456c098fa26d07229bdb9efe060ac448d70d8ec2526c8d41fb37eaf177d,0,0,0,8,0,8,1,1
C2_S9008_H1_N4_W60-180_I30_HYBRID,9008,C2,N4,1,60,120,20f56aa672831d7db09d17dc5603acc25f3621955dd4974db226e1354e71525e,0,0,0,3,0,3,1,18
C2_S9009_H1_N4_W120-150_I30_HYBRID,9009,C2,N4,1,120,30,d058b4431a6c43b3aa513d2f1a64497b1a5daf35469d30d0cce62c6856fe69ef,0,0,0,2,0,2,1,34
C2_S9009_H1_N4_W120-180_I30_HYBRID,9009,C2,N4,1,120,60,e78618a046e27d2100f50a1dde651b72ca5b90f6953b53bb7184a22b90360783,0,0,0,3,0,3,1,44
C2_S9009_H1_N4_W120-300_I30_HYBRID,9009,C2,N4,1,120,180,1370ecd1744190f66c02726897e3770ac6089ba2320f55a455070191c040aafd,0,0,0,22,0,22,1,0
C2_S9009_H1_N4_W180-300_I30_HYBRID,9009,C2,N4,1,180,120,19a1c8b412f4da704dc9bc08618dfb94bf28dbc6ae8f356684871eaeb082c16a,0,0,0,11,0,11,1,0
C2_S9009_H1_N4_W60-180_I30_HYBRID,9009,C2,N4,1,60,120,8beb155ecdc00192b4caeee30d63e35ee1c343487da935e445c16758c4a4109a,0,0,0,8,0,8,1,27
C2_S9010_H1_N4_W120-150_I30_HYBRID,9010,C2,N4,1,120,30,d9ab351c5ccf0b80765f2df95c11d5a2728d036bfe09ed10bf8176cc800ba2d7,0,0,0,3,0,3,1,11
C2_S9010_H1_N4_W120-180_I30_HYBRID,9010,C2,N4,1,120,60,376c5767c426e510c2afd736cde35b4792f063eb0c4faf3176ba71980be7fce1,0,0,0,5,0,5,1,43
C2_S9010_H1_N4_W120-300_I30_HYBRID,9010,C2,N4,1,120,180,1c141c4fabaf91159ba2e1399e48e80f0f35aed391c9176a548090891b97711e,0,0,0,25,0,25,1,0
C2_S9010_H1_N4_W180-300_I30_HYBRID,9010,C2,N4,1,180,120,76e534503050ca8016c9bebcbd339b9af385d4bbc5a95f4ab157a88290a8a860,0,0,0,14,0,14,1,0
C2_S9010_H1_N4_W60-180_I30_HYBRID,9010,C2,N4,1,60,120,cf65a1cd7283188122e221850bc8ebca4804a6c3ed462d17c3482bd98940f35a,0,0,0,5,0,5,1,24
C2_S9011_H1_N4_W120-150_I30_HYBRID,9011,C2,N4,1,120,30,790c478c7f0b9e069f26dccab9f5cd4933d765f9d1f0ed8060155940503eebe8,0,0,0,9,0,9,1,16
C2_S9011_H1_N4_W120-180_I30_HYBRID,9011,C2,N4,1,120,60,5aa32da555cf22625ea2bce3527ba5dca01bd36e4c78ec646fdde43151fc8c84,0,0,0,11,0,11,1,27
C2_S9011_H1_N4_W120-300_I30_HYBRID,9011,C2,N4,1,120,180,84d83db62d997a4cf768d928c3998c792695bdfa682aeff1177bca8383715c6c,0,0,0,24,0,24,1,0
C2_S9011_H1_N4_W180-300_I30_HYBRID,9011,C2,N4,1,180,120,6c2f9449c4b4032891c1c1ba1dfedcb6d71635dadc7ff4fcef21bc8a27097116,0,0,0,12,0,11,1,0
C2_S9011_H1_N4_W60-180_I30_HYBRID,9011,C2,N4,1,60,120,90dc214b81ab9245c5bc120e264ce8f527277e32f771491b4f838b6914a3f935,0,0,0,2,0,2,1,21
C2_S9012_H1_N4_W120-150_I30_HYBRID,9012,C2,N4,1,120,30,0b38dd84efca83a949b61973c3669011a41dd7f8093a36865a0922d714c0e414,0,0,0,1,0,1,1,16
C2_S9012_H1_N4_W120-180_I30_HYBRID,9012,C2,N4,1,120,60,9a90bdcde1332086af3709ad20545dc7cd00d58d765f9fca4db426b931fa4ccc,0,0,0,4,0,4,1,25
C2_S9012_H1_N4_W120-300_I30_HYBRID,9012,C2,N4,1,120,180,c88070681a39e8114525ea2744b0e335b815e24d8ffc76d14773bdb80ffc3583,1,0,0,24,0,21,1,0
C2_S9012_H1_N4_W180-300_I30_HYBRID,9012,C2,N4,1,180,120,8d694fcb5f00a0f13ee71f2ea559c6a9e993c849550db224a1e16f981f357ea8,0,0,0,20,0,20,1,1
C2_S9012_H1_N4_W60-180_I30_HYBRID,9012,C2,N4,1,60,120,76265320bc22b02e78dfdc8fb6ceaaeefdea74c0b68008540124792c8015f7a6,0,0,0,5,0,5,1,21
C2_S9013_H1_N4_W120-150_I30_HYBRID,9013,C2,N4,1,120,30,e951b463c432a2a5bbbc8c556b23c43a5dbe05b4e656b711fdcc2d33cbe5fe74,0,0,1,0,0,0,1,29
C2_S9013_H1_N4_W120-180_I30_HYBRID,9013,C2,N4,1,120,60,c36e40eaeade1336ad8254b6e72200b4af37f994b6e133e8c433fe4b46e64f4b,0,0,1,4,0,4,1,8
C2_S9013_H1_N4_W120-300_I30_HYBRID,9013,C2,N4,1,120,180,4ded4d307eecbf4d86ae5cafd21351c6d9796ae610832b40402a7f3cf14381b1,0,0,1,20,0,20,1,1
C2_S9013_H1_N4_W180-300_I30_HYBRID,9013,C2,N4,1,180,120,adcbbcbebc582159b3b36f0f8c475b06759b5be24c00af30fac09fde67d7d56c,0,0,1,7,0,7,1,0
C2_S9013_H1_N4_W60-180_I30_HYBRID,9013,C2,N4,1,60,120,602d83b19ae8f42a8c0ffdecb392c98a43c8085e2a85bf40d90738cd38c355d7,0,0,0,7,0,7,1,25
C2_S9014_H1_N4_W120-150_I30_HYBRID,9014,C2,N4,1,120,30,a8d288e83750a984c62b0c19fa0ed9d430d865f045f6c415bee50e4691412381,0,0,0,3,0,3,1,19
C2_S9014_H1_N4_W120-180_I30_HYBRID,9014,C2,N4,1,120,60,ee1f7adcec0ede0ee45648b4408ea2d149db59509536b1dc0dc5b8f1c5baecd7,0,0,0,5,0,5,1,38
C2_S9014_H1_N4_W120-300_I30_HYBRID,9014,C2,N4,1,120,180,7893295d8b3cafc3b8908dd45f6561d42626af27393c1835f508dd2242433a29,0,0,0,22,0,21,1,0
C2_S9014_H1_N4_W180-300_I30_HYBRID,9014,C2,N4,1,180,120,a8a256b2b56c9064a1c6fc3587411f41efbce643eafc64a94ba37c10ff6623b8,0,0,0,8,0,8,1,0
C2_S9014_H1_N4_W60-180_I30_HYBRID,9014,C2,N4,1,60,120,ee6a3994fdb8463a110bc8b35ca5520840c68de3ddd01d49a70c29b0f672d8db,0,0,0,2,0,1,1,15
C2_S9015_H1_N4_W120-150_I30_HYBRID,9015,C2,N4,1,120,30,521a3d13e180a6db4de0c05b65e370f59596dd45f8e59193339574755e2814e5,0,0,0,0,0,0,1,6
C2_S9015_H1_N4_W120-180_I30_HYBRID,9015,C2,N4,1,120,60,33c52724cf3ce8975dd5fa255c4d5116ba205324d75d0aaa72dcd1bc1f7ecaed,0,0,0,0,0,0,1,14
C2_S9015_H1_N4_W120-300_I30_HYBRID,9015,C2,N4,1,120,180,ec0d921b67f9641dcc5bd0e9226becd04cb451d2d27d28294ca62f93b90208de,0,0,0,21,0,18,1,0
C2_S9015_H1_N4_W180-300_I30_HYBRID,9015,C2,N4,1,180,120,b98a37b2aaf4d814191c8e2448ddb1d7b8eacd665256f2dbc19ab96b8bdbab1c,0,0,0,18,0,18,1,2
C2_S9015_H1_N4_W60-180_I30_HYBRID,9015,C2,N4,1,60,120,9d8d4af4740be114b67bd700e4bc9db54051bf7961c73a090ef493221d938d5c,0,0,0,5,0,5,1,23
C2_S9016_H1_N4_W120-150_I30_HYBRID,9016,C2,N4,1,120,30,69981a46947b9dfd8dab04e4e921b91e6a6eb7e8e6eef93d5ef35d47b5bc1587,0,0,0,2,0,2,1,63
C2_S9016_H1_N4_W120-180_I30_HYBRID,9016,C2,N4,1,120,60,3c3883130fd9cea5c69b058758bfade3995b7557e368b6a0ccde8ddbfe104d07,0,0,0,7,0,7,1,27
C2_S9016_H1_N4_W120-300_I30_HYBRID,9016,C2,N4,1,120,180,fa6fe537df3154687f0f0bf61140fc291bf0d357424d9b61ac7e4dce533e338a,0,0,0,22,0,22,1,0
C2_S9016_H1_N4_W180-300_I30_HYBRID,9016,C2,N4,1,180,120,ccc2b588fe73acecf7c5597424f83be6f98c51c62022eb2d02f1f81769d9898f,0,0,0,8,0,8,1,0
C2_S9016_H1_N4_W60-180_I30_HYBRID,9016,C2,N4,1,60,120,b949cd804421295c2585e919fa70792b31c527cb006a72fa76bca3a1f05ed7cb,0,0,0,8,0,8,1,55
C2_S9017_H1_N4_W120-150_I30_HYBRID,9017,C2,N4,1,120,30,35420d90bebd910b85abf4790b21bb221ba83324315e93316cb104f8fb2f7679,0,0,0,0,0,0,1,14
C2_S9017_H1_N4_W120-180_I30_HYBRID,9017,C2,N4,1,120,60,6c67662b107aa5129e4e5fc876ccc806201f6d0749c6201a7cdf4529b2a9ca08,0,0,0,3,0,3,1,5
C2_S9017_H1_N4_W120-300_I30_HYBRID,9017,C2,N4,1,120,180,1c06e3ff020ab24a21b4ef8e5a9eeebd79a52d737bc79ec48749786fd7b9a767,1,1,0,15,0,15,1,0
C2_S9017_H1_N4_W180-300_I30_HYBRID,9017,C2,N4,1,180,120,d403acd2d46e54df24f1180d51d1ccad0f9639bc5d07eb3ce66314a1b8770463,1,1,0,10,0,10,1,0
C2_S9017_H1_N4_W60-180_I30_HYBRID,9017,C2,N4,1,60,120,3777f318e01fc86c6411e78650b79048e15aa8bfad03f332681c2168cee077d1,0,0,0,3,0,3,1,15
C2_S9018_H1_N4_W120-150_I30_HYBRID,9018,C2,N4,1,120,30,8745c1224af3dc0efab511d99da33866d0d8c1cc2e03a9a72b4986e44b96d6d6,0,0,0,1,0,1,1,26
C2_S9018_H1_N4_W120-180_I30_HYBRID,9018,C2,N4,1,120,60,73526c010860e657c3009c95975f0ba272286f08ec3815799299b6a2baf5170c,0,0,0,7,0,7,1,28
C2_S9018_H1_N4_W120-300_I30_HYBRID,9018,C2,N4,1,120,180,534dfa72e00a413498c5d6ddbe23af166bfba4232e9d84558cebe409f3d795bf,0,0,0,18,0,18,1,0
C2_S9018_H1_N4_W180-300_I30_HYBRID,9018,C2,N4,1,180,120,3d85a9c3edfc4c8fa68b929e8c1c3a3cbe5a40fdaf186d73faf579dc1a1e2351,0,0,0,4,0,4,1,0
C2_S9018_H1_N4_W60-180_I30_HYBRID,9018,C2,N4,1,60,120,86a29dd45dfd21f3fbf1e85bd1224b76a7f86eb6dc90bf6208fecf23c3064f6c,0,0,0,11,0,11,1,33
C2_S9019_H1_N4_W120-150_I30_HYBRID,9019,C2,N4,1,120,30,d2daa040bd007c92a5fbcc5b0dcaf96e25e72270c9a3713941b0bcdce7d4e7c1,0,0,0,0,1,1,1,23
C2_S9019_H1_N4_W120-180_I30_HYBRID,9019,C2,N4,1,120,60,1df9761fa211145360fe77e71bd415e03013933dd22912349fb2269e2a6e921b,0,0,0,4,0,4,1,42
C2_S9019_H1_N4_W120-300_I30_HYBRID,9019,C2,N4,1,120,180,0d4eaa50a2187afb29225a541182b4126a2239eae8a880036a40ef9e54dd8bb5,0,0,0,19,0,19,1,0
C2_S9019_H1_N4_W180-300_I30_HYBRID,9019,C2,N4,1,180,120,144b72bf1f3ce09335e04f49b79a524eea09bae58e3d5d9012f598cfb53f5f51,0,0,0,12,0,12,1,0
C2_S9019_H1_N4_W60-180_I30_HYBRID,9019,C2,N4,1,60,120,7f11290d4c83d0644c122061fb9cc0aaefb5e825a7ea4e5f94fea01dc2cbead1,0,0,0,5,0,5,1,48
C2_S9020_H1_N4_W120-150_I30_HYBRID,9020,C2,N4,1,120,30,b551780e6daf4ae869a1876d3c2af309e804056adbfc977347205dafd3d73b73,0,0,0,2,0,2,1,55
C2_S9020_H1_N4_W120-180_I30_HYBRID,9020,C2,N4,1,120,60,1c7e12931495e5b506b1521178c25dd8bb568f4d070f0defaa8346cc54d3a8e3,0,0,0,5,1,5,1,14
C2_S9020_H1_N4_W120-300_I30_HYBRID,9020,C2,N4,1,120,180,f5c89dd3389a4fc4d059213b92a47301fd874741f2afa625e45d37582e69d98e,0,0,0,17,0,17,1,0
C2_S9020_H1_N4_W180-300_I30_HYBRID,9020,C2,N4,1,180,120,7e9a0d0a087e6d02f5b83fc95e4463266c5c1e049da45e5e9ef7e57245f4fe9f,0,0,0,14,0,14,1,1
C2_S9020_H1_N4_W60-180_I30_HYBRID,9020,C2,N4,1,60,120,9e3d1acad6b42c48f51ec8f2d2de79d6e58f744f3b416e755ab02630aa723579,0,0,0,8,0,8,1,35
