run_id,seed,teams,load,traffic,thermal,network,availability,mean_outage,ua_misspec,method,backend,scenario_sha256,trajectory_sha256,wall_s,morning_unassigned,N,served,absent,handled,missed,handled_pct,priority_handled_pct,dynamic_handled_pct,urgent_handled_pct,static_handled_pct,cold_handled_pct,travel_min,travel_per_handled,overtime_min_total,overtime_min_max,late_returns,not_home,swaps,quarantines,warm_quarantines,cold_quarantines,wasted_doses,out_of_range_min,theta_max,theta_min,msgs_sent,bytes_sent,retries,duplicates,max_msg_delay,mean_msg_delay,msgs_pending_end,center_cpu_s,vehicle_cpu_s,center_decisions,center_p50_ms,center_p95_ms,center_max_ms,agent_decisions,agent_p95_ms,agent_max_ms,alns_timeouts,releases,token_overlaps,unauthorized_services,cold_after_quarantine,violations,violation_kinds
K8_R0.90_T1_H1_N3_S8001_CENTRAL_multiprocess,8001,8,0.9,1,1,N3,0.75,20.0,,CENTRAL,multiprocess,1f7cdde66ae53d64726f39bdf26a4e3737997915729b929f860aa17185c2ea04,c25331562222c4d6a7993fe2e65ae233bd9cd172ac842bce1160b0456174c3b6,2.155,0,62,49,3,52,10,83.87096774193549,87.27272727272727,90.9090909090909,91.66666666666667,80.0,82.14285714285714,791,15.211538461538462,0,0,0,0,7,0,0,0,0,0,5.6257,3.9117,5387,1239801,429,62,108,0.46557040082219936,3,1.01425,0.23020800000000002,142,7.348999999999999,15.748999999999999,20.392,0,0.0,0.0,0,0,0,0,0,0,
K8_R0.90_T1_H1_N3_S8001_HYBRID_multiprocess,8001,8,0.9,1,1,N3,0.75,20.0,,HYBRID,multiprocess,1f7cdde66ae53d64726f39bdf26a4e3737997915729b929f860aa17185c2ea04,a7d8ee68c86e520679c66037af2472b16a2714e775cafb8261c332e6864d6a7a,1.849,0,62,48,2,50,12,80.64516129032258,82.72727272727273,86.36363636363636,83.33333333333333,77.5,78.57142857142857,717,14.34,0,0,0,0,6,0,0,0,0,0,5.6089,3.9117,5223,1254500,388,69,108,0.47903397027600847,4,0.804278,0.20407600000000004,141,5.2589999999999995,12.377,19.354,47,0.13999999999999999,2.799,0,4,0,0,0,0,
K8_R0.90_T1_H1_N3_S8002_CENTRAL_multiprocess,8002,8,0.9,1,1,N3,0.75,20.0,,CENTRAL,multiprocess,40ef4fed6b6264e5d7a6c3558e34f12b0c1f86e892611bafcfbf510a6282c01d,a992f082ac6553a8bf122997966e917c432e660e820929e0b19c6c5e9fa97a4f,1.867,0,62,52,2,54,8,87.09677419354838,89.58333333333333,88.88888888888889,100.0,86.36363636363636,87.5,784,14.518518518518519,0,0,0,0,7,0,0,0,0,0,5.6835,3.8672,5027,1184938,437,63,73,0.21470878578479763,7,0.698025,0.226868,123,4.386,16.708000000000002,24.913999999999998,0,0.0,0.0,0,0,0,0,0,0,
K8_R0.90_T1_H1_N3_S8002_HYBRID_multiprocess,8002,8,0.9,1,1,N3,0.75,20.0,,HYBRID,multiprocess,40ef4fed6b6264e5d7a6c3558e34f12b0c1f86e892611bafcfbf510a6282c01d,4db37bebf01334b50c5c0a2c6f8d2b1a518597e86b25929dcae2cdaeb1b1baa0,1.789,0,62,52,2,54,8,87.09677419354838,89.58333333333333,88.88888888888889,100.0,86.36363636363636,87.5,784,14.518518518518519,0,0,0,0,7,0,0,0,0,0,5.6835,3.8672,5027,1184938,437,63,73,0.21470878578479763,7,0.656433,0.24044100000000002,123,3.554,16.282999999999998,33.844,29,0.546,2.4229999999999996,0,0,0,0,0,0,
K8_R0.90_T1_H1_N3_S8003_CENTRAL_multiprocess,8003,8,0.9,1,1,N3,0.75,20.0,,CENTRAL,multiprocess,a3438757de61aafad56d15d7637fa1cedf8bcdf0def4f793d2d34fc7846a0ed3,925ea6983f33a30094680dd64f22b6c4c3968a413b2eb99b9647b3730b930296,1.677,0,62,53,0,53,9,85.48387096774194,87.73584905660377,90.9090909090909,90.9090909090909,82.5,90.3225806451613,767,14.471698113207546,0,0,0,0,8,0,0,0,0,0,5.6756,3.8845,5137,1160256,444,79,96,0.32073544433094997,4,0.586796,0.21786099999999997,128,4.33,11.453,17.456,0,0.0,0.0,0,1,0,0,0,0,
K8_R0.90_T1_H1_N3_S8003_HYBRID_multiprocess,8003,8,0.9,1,1,N3,0.75,20.0,,HYBRID,multiprocess,a3438757de61aafad56d15d7637fa1cedf8bcdf0def4f793d2d34fc7846a0ed3,13bcb90d77de0e609d709937430391683f70f0b7142140911648cb67b29b750f,1.635,0,62,53,0,53,9,85.48387096774194,87.73584905660377,90.9090909090909,90.9090909090909,82.5,90.3225806451613,767,14.471698113207546,0,0,0,0,8,0,0,0,0,0,5.6756,3.8845,5137,1160199,444,79,96,0.32073544433094997,4,0.551637,0.20709300000000003,128,4.24,10.146,16.935,34,0.075,0.16,0,1,0,0,0,0,
K8_R0.90_T1_H1_N3_S8004_CENTRAL_multiprocess,8004,8,0.9,1,1,N3,0.75,20.0,,CENTRAL,multiprocess,e70b7abaced60ce6b212bb16065b84134ef800585b0a8616d768e7e7942385c4,417f1e197bf2644b08ae58571d8d578eecd8c43b8006b88a341013e261572292,1.917,0,62,59,2,61,1,98.38709677419355,98.93617021276596,100.0,100.0,97.87234042553192,96.42857142857143,839,13.754098360655737,0,0,0,0,7,0,0,0,0,0,5.6791,3.8583,5356,1233099,482,76,70,0.31366674348928325,3,0.805358,0.21832100000000002,126,3.343,16.064999999999998,28.488,0,0.0,0.0,0,0,0,0,0,0,
K8_R0.90_T1_H1_N3_S8004_HYBRID_multiprocess,8004,8,0.9,1,1,N3,0.75,20.0,,HYBRID,multiprocess,e70b7abaced60ce6b212bb16065b84134ef800585b0a8616d768e7e7942385c4,a370926de4282d4b568788857afca03f72082d530d601aa8aceaff7cd5cca1b9,1.913,0,62,59,2,61,1,98.38709677419355,97.87234042553192,93.33333333333333,100.0,100.0,96.42857142857143,800,13.114754098360656,0,0,0,0,5,1,1,0,9,8,8.8388,3.8583,5325,1228014,460,82,70,0.3192771084337349,2,0.811521,0.22265600000000002,130,2.949,15.719000000000001,23.064,30,0.549,3.042,0,0,0,0,0,0,
K8_R0.90_T1_H1_N3_S8005_CENTRAL_multiprocess,8005,8,0.9,1,1,N3,0.75,20.0,,CENTRAL,multiprocess,05a342bf4f54450171c52ad05fb0cca81cd1ade142ce817e93293b9a2d8fe3a8,a9f350b813c9c5986db50e574a5afb00110028281034f1a00fbe0fb4ef4ecf73,2.554,0,62,52,0,52,10,83.87096774193549,87.36842105263158,94.11764705882354,100.0,80.0,85.71428571428571,907,17.442307692307693,0,0,0,0,7,0,0,0,0,0,5.6402,3.8984,6442,1349549,573,101,179,0.4930607651912978,3,1.369788,0.23376000000000002,171,7.8580000000000005,16.976000000000003,30.672,0,0.0,0.0,0,0,0,0,0,0,
K8_R0.90_T1_H1_N3_S8005_HYBRID_multiprocess,8005,8,0.9,1,1,N3,0.75,20.0,,HYBRID,multiprocess,05a342bf4f54450171c52ad05fb0cca81cd1ade142ce817e93293b9a2d8fe3a8,1787973d5e88a246703d3fd57c122b98d77148c6a344a0740c7cd614d5ed4859,2.599,0,62,52,0,52,10,83.87096774193549,87.36842105263158,94.11764705882354,100.0,80.0,85.71428571428571,907,17.442307692307693,0,0,0,0,7,0,0,0,0,0,5.6402,3.8984,6442,1349549,573,101,179,0.4930607651912978,3,1.410092,0.250636,171,7.622,17.304,32.009,33,0.062,0.14200000000000002,0,0,0,0,0,0,
K8_R0.90_T1_H1_N3_S8006_CENTRAL_multiprocess,8006,8,0.9,1,1,N3,0.75,20.0,,CENTRAL,multiprocess,1a5b6039f257275844583f5272ac2f1842d63a81ad29d97f3cfc92756130423b,0617fd37e6f591662e1aaeef0c1115452195246fe349b02b08b5817942df0008,1.924,0,62,50,3,53,9,85.48387096774194,86.73469387755102,83.33333333333333,87.5,86.36363636363636,86.20689655172414,756,14.264150943396226,0,0,0,0,6,0,0,0,0,0,5.6566,3.9083,5264,1200236,470,87,42,0.3039520958083832,7,0.863171,0.21261899999999997,142,4.303000000000001,16.643,25.166,0,0.0,0.0,0,1,0,0,0,0,
K8_R0.90_T1_H1_N3_S8006_HYBRID_multiprocess,8006,8,0.9,1,1,N3,0.75,20.0,,HYBRID,multiprocess,1a5b6039f257275844583f5272ac2f1842d63a81ad29d97f3cfc92756130423b,e2eee03a2d4cc11cb3d121366434abecff2f83a866c7d82025f2dcf1ab13afe6,1.888,0,62,50,3,53,9,85.48387096774194,86.73469387755102,83.33333333333333,87.5,86.36363636363636,86.20689655172414,756,14.264150943396226,0,0,0,0,6,0,0,0,0,0,5.6566,3.9083,5264,1200236,470,87,42,0.3039520958083832,7,0.821103,0.21913900000000003,142,4.203,16.743000000000002,22.183999999999997,27,0.055,0.125,0,1,0,0,0,0,
